{"playerx": 7.973805694203333333365, "playery": 7.640235999999975}