{"playerx": 8.966753000000006, "playery": 9.10921499999994}