{"playerx": 5.062300000000001, "playery": 3.489400000000002}