{"playerx": 6.78976444000001, "playery": 4.0470226400000024}