{"playerx": 6.509121440000002, "playery": 3.2560000000000016}