{"playerx": 7.9738053333333365, "playery": 7.640235999999975}