{"playerx": 5.804011960000019, "playery": 7.338699999999999}