{"playerx": 8.281619694203332, "playery": 8.60189399999997}