{"playerx": 6.808183333333332, "playery": 9.88904999999999}