{"playerx": 5.771251000000002, "playery": 7.902172999999947}